feature_set,model,accuracy,precision,recall,f1,n_train,n_test
price_only,Logistic Regression,0.5128,0.4902,0.4464,0.4673,936,234
price_only,Random Forest,0.5385,0.5179,0.5179,0.5179,936,234
price_only,XGBoost,0.4786,0.4648,0.5893,0.5197,936,234
price_plus_reddit,Logistic Regression,0.5214,0.5,0.4107,0.451,936,234
price_plus_reddit,Random Forest,0.5684,0.5579,0.4732,0.5121,936,234
price_plus_reddit,XGBoost,0.5556,0.5278,0.6786,0.5938,936,234
price_plus_reddit_plus_fng,Logistic Regression,0.5342,0.5181,0.3839,0.441,936,234
price_plus_reddit_plus_fng,Random Forest,0.5598,0.5584,0.3839,0.455,936,234
price_plus_reddit_plus_fng,XGBoost,0.5256,0.5044,0.5089,0.5067,936,234
